{"cameraMode":{"drawMode":0,"name":"Shaded","section":"Shading Mode"},"sceneLighting":false,"audioPlay":false,"sceneViewState":{"showFog":false,"showMaterialUpdate":false,"showSkybox":false,"showFlares":false,"showImageEffects":false,"showParticleSystems":false},"in2DMode":false,"pivot":{"x":1.933180809020996,"y":-13.003368377685547,"z":87.86554718017578},"rotation":{"x":0.45198893547058108,"y":-0.5454568266868591,"z":0.46215569972991946,"w":0.5334938168525696},"size":27.76393699645996,"orthographic":false}