{"cameraMode":{"drawMode":0,"name":"Shaded","section":"Shading Mode"},"sceneLighting":false,"audioPlay":false,"sceneViewState":{"showFog":false,"showMaterialUpdate":false,"showSkybox":false,"showFlares":false,"showImageEffects":false,"showParticleSystems":false},"in2DMode":false,"pivot":{"x":-94.16890716552735,"y":-198.8083953857422,"z":42.48793029785156},"rotation":{"x":0.4336398243904114,"y":-0.3610879182815552,"z":0.19527216255664826,"w":0.8022172451019287},"size":150.27841186523438,"orthographic":false}