{"cameraMode":{"drawMode":0,"name":"Shaded","section":"Shading Mode"},"sceneLighting":false,"audioPlay":false,"sceneViewState":{"showFog":false,"showMaterialUpdate":false,"showSkybox":false,"showFlares":false,"showImageEffects":false,"showParticleSystems":false},"in2DMode":false,"pivot":{"x":-47.46098709106445,"y":7.9074249267578129,"z":441.70892333984377},"rotation":{"x":0.4348877966403961,"y":0.5595928430557251,"z":-0.44852620363235476,"w":0.544814944267273},"size":49.94432830810547,"orthographic":false}