{"cameraMode":{"drawMode":0,"name":"Shaded","section":"Shading Mode"},"sceneLighting":false,"audioPlay":false,"sceneViewState":{"showFog":false,"showMaterialUpdate":false,"showSkybox":false,"showFlares":false,"showImageEffects":false,"showParticleSystems":false},"in2DMode":false,"pivot":{"x":-0.003484964370727539,"y":0.0761479064822197,"z":0.006422519683837891},"rotation":{"x":-0.48398107290267947,"y":0.5151811242103577,"z":-0.4787712097167969,"w":-0.520758330821991},"size":2.284578561782837,"orthographic":false}