{"cameraMode":{"drawMode":0,"name":"Shaded","section":"Shading Mode"},"sceneLighting":false,"audioPlay":false,"sceneViewState":{"showFog":false,"showMaterialUpdate":false,"showSkybox":false,"showFlares":false,"showImageEffects":false,"showParticleSystems":false},"in2DMode":false,"pivot":{"x":37.93892288208008,"y":-2.3758654594421388,"z":47.409812927246097},"rotation":{"x":-0.6668316125869751,"y":-0.007497929967939854,"z":0.008365033194422722,"w":-0.7453137636184692},"size":42.27238082885742,"orthographic":false}