{"cameraMode":{"drawMode":0,"name":"Shaded","section":"Shading Mode"},"sceneLighting":false,"audioPlay":false,"sceneViewState":{"showFog":false,"showMaterialUpdate":false,"showSkybox":false,"showFlares":false,"showImageEffects":false,"showParticleSystems":false},"in2DMode":false,"pivot":{"x":5.081014633178711,"y":-26.9549560546875,"z":90.59100341796875},"rotation":{"x":0.47686126828193667,"y":0.5227468013763428,"z":-0.4855734407901764,"w":0.5134769678115845},"size":42.600154876708987,"orthographic":false}