{"cameraMode":{"drawMode":0,"name":"Shaded","section":"Shading Mode"},"sceneLighting":false,"audioPlay":false,"sceneViewState":{"showFog":false,"showMaterialUpdate":false,"showSkybox":false,"showFlares":false,"showImageEffects":false,"showParticleSystems":false},"in2DMode":false,"pivot":{"x":-185.2916717529297,"y":4.464212894439697,"z":408.3875427246094},"rotation":{"x":0.6441406607627869,"y":0.006015385035425425,"z":-0.0049850414507091049,"w":0.7649156451225281},"size":39.89072799682617,"orthographic":false}