{"cameraMode":{"drawMode":0,"name":"Shaded","section":"Shading Mode"},"sceneLighting":false,"audioPlay":false,"sceneViewState":{"showFog":false,"showMaterialUpdate":false,"showSkybox":false,"showFlares":false,"showImageEffects":false,"showParticleSystems":false},"in2DMode":false,"pivot":{"x":35.216392517089847,"y":1.2641609907150269,"z":64.26206970214844},"rotation":{"x":0.31561416387557986,"y":-0.6296336054801941,"z":0.3091035485267639,"w":0.6393019556999207},"size":15.717864990234375,"orthographic":false}