{"cameraMode":{"drawMode":0,"name":"Shaded","section":"Shading Mode"},"sceneLighting":false,"audioPlay":false,"sceneViewState":{"showFog":false,"showMaterialUpdate":false,"showSkybox":false,"showFlares":false,"showImageEffects":false,"showParticleSystems":false},"in2DMode":false,"pivot":{"x":28.23583984375,"y":1.8998531103134156,"z":239.6973876953125},"rotation":{"x":-0.4020058214664459,"y":-0.5867835283279419,"z":0.4180181920528412,"w":-0.5652949213981628},"size":42.54790115356445,"orthographic":false}