{"cameraMode":{"drawMode":0,"name":"Shaded","section":"Shading Mode"},"sceneLighting":false,"audioPlay":false,"sceneViewState":{"showFog":false,"showMaterialUpdate":false,"showSkybox":false,"showFlares":false,"showImageEffects":false,"showParticleSystems":false},"in2DMode":false,"pivot":{"x":-24.971271514892579,"y":-0.2643637955188751,"z":91.68693542480469},"rotation":{"x":0.4828517735004425,"y":-0.5159059166908264,"z":0.47245070338249209,"w":0.5269814729690552},"size":31.426443099975587,"orthographic":false}