{"cameraMode":{"drawMode":0,"name":"Shaded","section":"Shading Mode"},"sceneLighting":false,"audioPlay":false,"sceneViewState":{"showFog":false,"showMaterialUpdate":false,"showSkybox":false,"showFlares":false,"showImageEffects":false,"showParticleSystems":false},"in2DMode":false,"pivot":{"x":-9.91987419128418,"y":-49.303218841552737,"z":32.92624282836914},"rotation":{"x":-0.458567351102829,"y":0.539764940738678,"z":-0.4694225788116455,"w":-0.5272791981697083},"size":51.913780212402347,"orthographic":false}