{"cameraMode":{"drawMode":0,"name":"Shaded","section":"Shading Mode"},"sceneLighting":false,"audioPlay":false,"sceneViewState":{"showFog":false,"showMaterialUpdate":false,"showSkybox":false,"showFlares":false,"showImageEffects":false,"showParticleSystems":false},"in2DMode":false,"pivot":{"x":-71.59356689453125,"y":-25.980697631835939,"z":186.22911071777345},"rotation":{"x":0.4350222945213318,"y":-0.5630728006362915,"z":0.5267656445503235,"w":0.4650031328201294},"size":55.43193817138672,"orthographic":false}