{"cameraMode":{"drawMode":0,"name":"Shaded","section":"Shading Mode"},"sceneLighting":false,"audioPlay":false,"sceneViewState":{"showFog":false,"showMaterialUpdate":false,"showSkybox":false,"showFlares":false,"showImageEffects":false,"showParticleSystems":false},"in2DMode":false,"pivot":{"x":-182.74612426757813,"y":1.6427737474441529,"z":402.70794677734377},"rotation":{"x":0.45019862055778506,"y":-0.5424700975418091,"z":0.43741580843925478,"w":0.5583184361457825},"size":37.265174865722659,"orthographic":false}