{"cameraMode":{"drawMode":0,"name":"Shaded","section":"Shading Mode"},"sceneLighting":false,"audioPlay":false,"sceneViewState":{"showFog":false,"showMaterialUpdate":false,"showSkybox":false,"showFlares":false,"showImageEffects":false,"showParticleSystems":false},"in2DMode":false,"pivot":{"x":-28.22551727294922,"y":2.256422519683838,"z":434.6753845214844},"rotation":{"x":0.45019862055778506,"y":-0.5424700975418091,"z":0.43741580843925478,"w":0.5583184361457825},"size":73.64188385009766,"orthographic":false}