{"cameraMode":{"drawMode":0,"name":"Shaded","section":"Shading Mode"},"sceneLighting":false,"audioPlay":false,"sceneViewState":{"showFog":false,"showMaterialUpdate":false,"showSkybox":false,"showFlares":false,"showImageEffects":false,"showParticleSystems":false},"in2DMode":false,"pivot":{"x":67.72305297851563,"y":-351.3778991699219,"z":513.156005859375},"rotation":{"x":-0.5852375030517578,"y":0.4154540002346039,"z":-0.47621625661849978,"w":-0.5084142088890076},"size":243.06651306152345,"orthographic":false}