{"cameraMode":{"drawMode":0,"name":"Shaded","section":"Shading Mode"},"sceneLighting":false,"audioPlay":false,"sceneViewState":{"showFog":false,"showMaterialUpdate":false,"showSkybox":false,"showFlares":false,"showImageEffects":false,"showParticleSystems":false},"in2DMode":false,"pivot":{"x":-120.81265258789063,"y":-245.67788696289063,"z":275.9448547363281},"rotation":{"x":-0.3648723363876343,"y":0.6017532348632813,"z":-0.35938629508018496,"w":-0.6130964756011963},"size":265.8815612792969,"orthographic":false}