{"cameraMode":{"drawMode":0,"name":"Shaded","section":"Shading Mode"},"sceneLighting":false,"audioPlay":false,"sceneViewState":{"showFog":false,"showMaterialUpdate":false,"showSkybox":false,"showFlares":false,"showImageEffects":false,"showParticleSystems":false},"in2DMode":false,"pivot":{"x":-31.794654846191408,"y":4.587099075317383,"z":101.55557250976563},"rotation":{"x":-0.44207528233528139,"y":0.13023090362548829,"z":-0.06515736132860184,"w":-0.8851826786994934},"size":33.97871398925781,"orthographic":false}