{"cameraMode":{"drawMode":0,"name":"Shaded","section":"Shading Mode"},"sceneLighting":false,"audioPlay":false,"sceneViewState":{"showFog":false,"showMaterialUpdate":false,"showSkybox":false,"showFlares":false,"showImageEffects":false,"showParticleSystems":false},"in2DMode":false,"pivot":{"x":45.56451416015625,"y":-20.122074127197267,"z":574.704833984375},"rotation":{"x":0.4625784754753113,"y":-0.5342209935188294,"z":0.4587099254131317,"w":0.5387223958969116},"size":36.27442932128906,"orthographic":false}