{"cameraMode":{"drawMode":0,"name":"Shaded","section":"Shading Mode"},"sceneLighting":false,"audioPlay":false,"sceneViewState":{"showFog":false,"showMaterialUpdate":false,"showSkybox":false,"showFlares":false,"showImageEffects":false,"showParticleSystems":false},"in2DMode":false,"pivot":{"x":27.937702178955079,"y":2.626147508621216,"z":246.64686584472657},"rotation":{"x":0.45019862055778506,"y":-0.5424700975418091,"z":0.43741580843925478,"w":0.5583184361457825},"size":60.32347106933594,"orthographic":false}