{"cameraMode":{"drawMode":0,"name":"Shaded","section":"Shading Mode"},"sceneLighting":false,"audioPlay":false,"sceneViewState":{"showFog":false,"showMaterialUpdate":false,"showSkybox":false,"showFlares":false,"showImageEffects":false,"showParticleSystems":false},"in2DMode":false,"pivot":{"x":39.97753143310547,"y":-213.12509155273438,"z":80.54679870605469},"rotation":{"x":0.6441406607627869,"y":0.006015385035425425,"z":-0.0049850414507091049,"w":0.7649156451225281},"size":152.9172821044922,"orthographic":false}