{"cameraMode":{"drawMode":0,"name":"Shaded","section":"Shading Mode"},"sceneLighting":false,"audioPlay":false,"sceneViewState":{"showFog":false,"showMaterialUpdate":false,"showSkybox":false,"showFlares":false,"showImageEffects":false,"showParticleSystems":false},"in2DMode":false,"pivot":{"x":-61.00469970703125,"y":-5.3930559158325199,"z":298.63330078125},"rotation":{"x":-0.7087181210517883,"y":-0.022086651995778085,"z":0.022941522300243379,"w":-0.7049294114112854},"size":66.96168518066406,"orthographic":false}