{"cameraMode":{"drawMode":0,"name":"Shaded","section":"Shading Mode"},"sceneLighting":false,"audioPlay":false,"sceneViewState":{"showFog":false,"showMaterialUpdate":false,"showSkybox":false,"showFlares":false,"showImageEffects":false,"showParticleSystems":false},"in2DMode":false,"pivot":{"x":-3.350045680999756,"y":-27.601661682128908,"z":92.74336242675781},"rotation":{"x":0.4944513738155365,"y":0.5043491125106812,"z":-0.47558358311653139,"w":0.5244712829589844},"size":30.788782119750978,"orthographic":false}