{"cameraMode":{"drawMode":0,"name":"Shaded","section":"Shading Mode"},"sceneLighting":false,"audioPlay":false,"sceneViewState":{"showFog":false,"showMaterialUpdate":false,"showSkybox":false,"showFlares":false,"showImageEffects":false,"showParticleSystems":false},"in2DMode":false,"pivot":{"x":5.303469657897949,"y":5.425422668457031,"z":30.246519088745118},"rotation":{"x":0.44762223958969118,"y":-0.5476582050323486,"z":0.44897782802581789,"w":0.5460239052772522},"size":18.801897048950197,"orthographic":false}