{"cameraMode":{"drawMode":0,"name":"Shaded","section":"Shading Mode"},"sceneLighting":false,"audioPlay":false,"sceneViewState":{"showFog":false,"showMaterialUpdate":false,"showSkybox":false,"showFlares":false,"showImageEffects":false,"showParticleSystems":false},"in2DMode":false,"pivot":{"x":-37.58800506591797,"y":-391.7205810546875,"z":124.46893310546875},"rotation":{"x":0.00960276834666729,"y":-0.7400531768798828,"z":0.6725941300392151,"w":0.008791632950305939},"size":253.34567260742188,"orthographic":false}