{"cameraMode":{"drawMode":0,"name":"Shaded","section":"Shading Mode"},"sceneLighting":false,"audioPlay":false,"sceneViewState":{"showFog":false,"showMaterialUpdate":false,"showSkybox":false,"showFlares":false,"showImageEffects":false,"showParticleSystems":false},"in2DMode":false,"pivot":{"x":4.024075031280518,"y":-63.34892272949219,"z":646.598388671875},"rotation":{"x":0.35640642046928408,"y":-0.26539939641952517,"z":0.10820970684289932,"w":0.889449954032898},"size":58.35639190673828,"orthographic":false}