{"cameraMode":{"drawMode":0,"name":"Shaded","section":"Shading Mode"},"sceneLighting":false,"audioPlay":false,"sceneViewState":{"showFog":false,"showMaterialUpdate":false,"showSkybox":false,"showFlares":false,"showImageEffects":false,"showParticleSystems":false},"in2DMode":false,"pivot":{"x":-94.40177917480469,"y":-38.96916198730469,"z":417.9543151855469},"rotation":{"x":0.6469630599021912,"y":-0.006179161369800568,"z":0.003726586000993848,"w":0.7626662254333496},"size":70.05963897705078,"orthographic":false}