{"cameraMode":{"drawMode":0,"name":"Shaded","section":"Shading Mode"},"sceneLighting":false,"audioPlay":false,"sceneViewState":{"showFog":false,"showMaterialUpdate":false,"showSkybox":false,"showFlares":false,"showImageEffects":false,"showParticleSystems":false},"in2DMode":false,"pivot":{"x":0.9561004638671875,"y":6.919212341308594,"z":531.4971923828125},"rotation":{"x":0.45019862055778506,"y":-0.5424700975418091,"z":0.43741580843925478,"w":0.5583184361457825},"size":65.82429504394531,"orthographic":false}