{"cameraMode":{"drawMode":0,"name":"Shaded","section":"Shading Mode"},"sceneLighting":false,"audioPlay":false,"sceneViewState":{"showFog":false,"showMaterialUpdate":false,"showSkybox":false,"showFlares":false,"showImageEffects":false,"showParticleSystems":false},"in2DMode":false,"pivot":{"x":-121.52188873291016,"y":-37.14873123168945,"z":428.2052917480469},"rotation":{"x":0.6469630599021912,"y":-0.006179161369800568,"z":0.003726586000993848,"w":0.7626662254333496},"size":75.0150146484375,"orthographic":false}