{"cameraMode":{"drawMode":0,"name":"Shaded","section":"Shading Mode"},"sceneLighting":true,"audioPlay":false,"sceneViewState":{"showFog":true,"showMaterialUpdate":false,"showSkybox":false,"showFlares":true,"showImageEffects":true,"showParticleSystems":true},"in2DMode":false,"pivot":{"x":-14.166129112243653,"y":-44.58961486816406,"z":35.779598236083987},"rotation":{"x":-0.39977842569351199,"y":0.5717071294784546,"z":-0.37400075793266299,"w":-0.6111109852790833},"size":38.73102951049805,"orthographic":false}