{"cameraMode":{"drawMode":0,"name":"Shaded","section":"Shading Mode"},"sceneLighting":false,"audioPlay":false,"sceneViewState":{"showFog":false,"showMaterialUpdate":false,"showSkybox":false,"showFlares":false,"showImageEffects":false,"showParticleSystems":false},"in2DMode":false,"pivot":{"x":25.26197052001953,"y":0.35946401953697207,"z":281.2120666503906},"rotation":{"x":-0.4020058214664459,"y":-0.5867835283279419,"z":0.4180181920528412,"w":-0.5652949213981628},"size":67.25318908691406,"orthographic":false}