{"cameraMode":{"drawMode":0,"name":"Shaded","section":"Shading Mode"},"sceneLighting":false,"audioPlay":false,"sceneViewState":{"showFog":false,"showMaterialUpdate":false,"showSkybox":false,"showFlares":false,"showImageEffects":false,"showParticleSystems":false},"in2DMode":false,"pivot":{"x":-189.11196899414063,"y":3.005033493041992,"z":400.0},"rotation":{"x":0.6441406607627869,"y":0.006015385035425425,"z":-0.0049850414507091049,"w":0.7649156451225281},"size":47.48629379272461,"orthographic":false}