{"cameraMode":{"drawMode":0,"name":"Shaded","section":"Shading Mode"},"sceneLighting":false,"audioPlay":false,"sceneViewState":{"showFog":false,"showMaterialUpdate":false,"showSkybox":false,"showFlares":false,"showImageEffects":false,"showParticleSystems":false},"in2DMode":false,"pivot":{"x":-70.79457092285156,"y":2.7624475955963136,"z":417.419189453125},"rotation":{"x":0.4348877966403961,"y":0.5595928430557251,"z":-0.44852620363235476,"w":0.544814944267273},"size":17.54598045349121,"orthographic":false}