{"cameraMode":{"drawMode":0,"name":"Shaded","section":"Shading Mode"},"sceneLighting":false,"audioPlay":false,"sceneViewState":{"showFog":false,"showMaterialUpdate":false,"showSkybox":false,"showFlares":false,"showImageEffects":false,"showParticleSystems":false},"in2DMode":false,"pivot":{"x":31.258201599121095,"y":-261.40716552734377,"z":853.9552612304688},"rotation":{"x":0.38277533650398257,"y":-0.6089481115341187,"z":0.4334787130355835,"w":0.5432759523391724},"size":187.6869659423828,"orthographic":false}