{"cameraMode":{"drawMode":0,"name":"Shaded","section":"Shading Mode"},"sceneLighting":false,"audioPlay":false,"sceneViewState":{"showFog":false,"showMaterialUpdate":false,"showSkybox":false,"showFlares":false,"showImageEffects":false,"showParticleSystems":false},"in2DMode":false,"pivot":{"x":-35.53085708618164,"y":-103.1326904296875,"z":67.4277114868164},"rotation":{"x":0.3825971186161041,"y":-0.3399944305419922,"z":0.15399537980556489,"w":0.8452300429344177},"size":106.96661376953125,"orthographic":false}