{"cameraMode":{"drawMode":0,"name":"Shaded","section":"Shading Mode"},"sceneLighting":false,"audioPlay":false,"sceneViewState":{"showFog":false,"showMaterialUpdate":false,"showSkybox":false,"showFlares":false,"showImageEffects":false,"showParticleSystems":false},"in2DMode":false,"pivot":{"x":48.948150634765628,"y":-354.23931884765627,"z":523.2568969726563},"rotation":{"x":-0.5852375030517578,"y":0.4154540002346039,"z":-0.47621625661849978,"w":-0.5084142088890076},"size":198.6448974609375,"orthographic":false}