{"cameraMode":{"drawMode":0,"name":"Shaded","section":"Shading Mode"},"sceneLighting":false,"audioPlay":false,"sceneViewState":{"showFog":false,"showMaterialUpdate":false,"showSkybox":false,"showFlares":false,"showImageEffects":false,"showParticleSystems":false},"in2DMode":false,"pivot":{"x":-74.41864776611328,"y":2.6339035034179689,"z":312.3357849121094},"rotation":{"x":0.45019862055778506,"y":-0.5424700975418091,"z":0.43741580843925478,"w":0.5583184361457825},"size":59.132389068603519,"orthographic":false}