{"cameraMode":{"drawMode":0,"name":"Shaded","section":"Shading Mode"},"sceneLighting":false,"audioPlay":false,"sceneViewState":{"showFog":false,"showMaterialUpdate":false,"showSkybox":false,"showFlares":false,"showImageEffects":false,"showParticleSystems":false},"in2DMode":false,"pivot":{"x":-31.183837890625,"y":11.658382415771485,"z":421.8214111328125},"rotation":{"x":0.4348877966403961,"y":0.5595928430557251,"z":-0.44852620363235476,"w":0.544814944267273},"size":60.32621765136719,"orthographic":false}