{"cameraMode":{"drawMode":0,"name":"Shaded","section":"Shading Mode"},"sceneLighting":false,"audioPlay":false,"sceneViewState":{"showFog":false,"showMaterialUpdate":false,"showSkybox":false,"showFlares":false,"showImageEffects":false,"showParticleSystems":false},"in2DMode":false,"pivot":{"x":-108.19766235351563,"y":1.1871092319488526,"z":407.9155578613281},"rotation":{"x":0.7044541835784912,"y":-0.02128126472234726,"z":0.021138977259397508,"w":0.7091202139854431},"size":33.02927017211914,"orthographic":false}