{"cameraMode":{"drawMode":0,"name":"Shaded","section":"Shading Mode"},"sceneLighting":false,"audioPlay":false,"sceneViewState":{"showFog":false,"showMaterialUpdate":false,"showSkybox":false,"showFlares":false,"showImageEffects":false,"showParticleSystems":false},"in2DMode":false,"pivot":{"x":36.452301025390628,"y":-101.90802764892578,"z":567.957275390625},"rotation":{"x":0.47216349840164187,"y":-0.5207743644714356,"z":0.44799375534057619,"w":0.5526754260063171},"size":90.1360092163086,"orthographic":false}