{"cameraMode":{"drawMode":0,"name":"Shaded","section":"Shading Mode"},"sceneLighting":false,"audioPlay":false,"sceneViewState":{"showFog":false,"showMaterialUpdate":false,"showSkybox":false,"showFlares":false,"showImageEffects":false,"showParticleSystems":false},"in2DMode":false,"pivot":{"x":-3.5012717247009279,"y":-0.44578754901885989,"z":527.54736328125},"rotation":{"x":-0.48463886976242068,"y":-0.514153242111206,"z":0.48996222019195559,"w":-0.5108692646026611},"size":47.524715423583987,"orthographic":false}