{"cameraMode":{"drawMode":0,"name":"Shaded","section":"Shading Mode"},"sceneLighting":false,"audioPlay":false,"sceneViewState":{"showFog":false,"showMaterialUpdate":false,"showSkybox":false,"showFlares":false,"showImageEffects":false,"showParticleSystems":false},"in2DMode":false,"pivot":{"x":-91.24266815185547,"y":-394.78643798828127,"z":156.55731201171876},"rotation":{"x":0.00960276834666729,"y":-0.7400531768798828,"z":0.6725941300392151,"w":0.008791632950305939},"size":234.99359130859376,"orthographic":false}