{"cameraMode":{"drawMode":0,"name":"Shaded","section":"Shading Mode"},"sceneLighting":false,"audioPlay":false,"sceneViewState":{"showFog":false,"showMaterialUpdate":false,"showSkybox":false,"showFlares":false,"showImageEffects":false,"showParticleSystems":false},"in2DMode":false,"pivot":{"x":-33.46714782714844,"y":3.8476762771606447,"z":110.2782211303711},"rotation":{"x":0.2521874010562897,"y":-0.6722462177276611,"z":0.2625865042209625,"w":0.6447922587394714},"size":6.485750198364258,"orthographic":false}