{"cameraMode":{"drawMode":0,"name":"Shaded","section":"Shading Mode"},"sceneLighting":false,"audioPlay":false,"sceneViewState":{"showFog":false,"showMaterialUpdate":false,"showSkybox":false,"showFlares":false,"showImageEffects":false,"showParticleSystems":false},"in2DMode":false,"pivot":{"x":-74.77796936035156,"y":-72.64957427978516,"z":178.28982543945313},"rotation":{"x":-0.6333374977111816,"y":-0.036698341369628909,"z":0.029935762286186219,"w":-0.772545337677002},"size":74.24056243896485,"orthographic":false}