{"cameraMode":{"drawMode":0,"name":"Shaded","section":"Shading Mode"},"sceneLighting":false,"audioPlay":false,"sceneViewState":{"showFog":false,"showMaterialUpdate":false,"showSkybox":false,"showFlares":false,"showImageEffects":false,"showParticleSystems":false},"in2DMode":false,"pivot":{"x":-81.51367950439453,"y":-5.497996807098389,"z":323.99761962890627},"rotation":{"x":-0.7087181210517883,"y":-0.022086651995778085,"z":0.022941522300243379,"w":-0.7049294114112854},"size":21.84335708618164,"orthographic":false}