{"cameraMode":{"drawMode":0,"name":"Shaded","section":"Shading Mode"},"sceneLighting":true,"audioPlay":false,"sceneViewState":{"showFog":true,"showMaterialUpdate":false,"showSkybox":false,"showFlares":true,"showImageEffects":true,"showParticleSystems":true},"in2DMode":false,"pivot":{"x":18.190000534057618,"y":-2.1660220623016359,"z":11.4525146484375},"rotation":{"x":0.20205816626548768,"y":0.7821102738380432,"z":-0.4963184893131256,"w":0.3181845247745514},"size":1.4494733810424805,"orthographic":false}