{"cameraMode":{"drawMode":0,"name":"Shaded","section":"Shading Mode"},"sceneLighting":false,"audioPlay":false,"sceneViewState":{"showFog":false,"showMaterialUpdate":false,"showSkybox":false,"showFlares":false,"showImageEffects":false,"showParticleSystems":false},"in2DMode":false,"pivot":{"x":42.418495178222659,"y":-18.514057159423829,"z":681.5703125},"rotation":{"x":0.12089931964874268,"y":-0.009862489998340607,"z":0.001179537270218134,"w":0.9926370978355408},"size":54.49677658081055,"orthographic":false}