{"cameraMode":{"drawMode":0,"name":"Shaded","section":"Shading Mode"},"sceneLighting":false,"audioPlay":false,"sceneViewState":{"showFog":false,"showMaterialUpdate":false,"showSkybox":false,"showFlares":false,"showImageEffects":false,"showParticleSystems":false},"in2DMode":false,"pivot":{"x":48.400001525878909,"y":7.2415666580200199,"z":579.9500732421875},"rotation":{"x":0.04167075827717781,"y":0.027539487928152086,"z":-0.0011794173624366522,"w":0.9987722635269165},"size":41.035343170166019,"orthographic":false}