{"cameraMode":{"drawMode":0,"name":"Shaded","section":"Shading Mode"},"sceneLighting":true,"audioPlay":false,"sceneViewState":{"showFog":true,"showMaterialUpdate":false,"showSkybox":false,"showFlares":true,"showImageEffects":true,"showParticleSystems":true},"in2DMode":false,"pivot":{"x":18.22501564025879,"y":-1.9236977100372315,"z":10.946324348449707},"rotation":{"x":0.13109257817268372,"y":0.8500850200653076,"z":-0.44447818398475649,"w":0.250419020652771},"size":1.4494733810424805,"orthographic":false}