{"cameraMode":{"drawMode":0,"name":"Shaded","section":"Shading Mode"},"sceneLighting":false,"audioPlay":false,"sceneViewState":{"showFog":false,"showMaterialUpdate":false,"showSkybox":false,"showFlares":false,"showImageEffects":false,"showParticleSystems":false},"in2DMode":false,"pivot":{"x":-0.9514757394790649,"y":2.4926867485046388,"z":-1.8268507719039918},"rotation":{"x":-0.007754133082926273,"y":0.9848999977111816,"z":-0.16734343767166139,"w":-0.045778438448905948},"size":2.4984195232391359,"orthographic":false}