{"cameraMode":{"drawMode":0,"name":"Shaded","section":"Shading Mode"},"sceneLighting":true,"audioPlay":false,"sceneViewState":{"showFog":false,"showMaterialUpdate":false,"showSkybox":false,"showFlares":false,"showImageEffects":false,"showParticleSystems":false},"in2DMode":false,"pivot":{"x":-11.260062217712403,"y":-24.856382369995118,"z":16.15754508972168},"rotation":{"x":0.35375726222991946,"y":-0.6297411918640137,"z":0.390225350856781,"w":0.5710042119026184},"size":16.495832443237306,"orthographic":false}