{"cameraMode":{"drawMode":0,"name":"Shaded","section":"Shading Mode"},"sceneLighting":true,"audioPlay":false,"sceneViewState":{"showFog":false,"showMaterialUpdate":false,"showSkybox":false,"showFlares":false,"showImageEffects":false,"showParticleSystems":false},"in2DMode":false,"pivot":{"x":36.89125442504883,"y":1.9984900951385499,"z":556.9832763671875},"rotation":{"x":-0.1573447734117508,"y":0.03495973348617554,"z":-0.005596493370831013,"w":-0.9869318008422852},"size":0.998418390750885,"orthographic":false}