{"cameraMode":{"drawMode":0,"name":"Shaded","section":"Shading Mode"},"sceneLighting":true,"audioPlay":false,"sceneViewState":{"showFog":false,"showMaterialUpdate":false,"showSkybox":false,"showFlares":false,"showImageEffects":false,"showParticleSystems":false},"in2DMode":false,"pivot":{"x":188.3801727294922,"y":167.0764923095703,"z":-37.034603118896487},"rotation":{"x":0.33786532282829287,"y":-0.6282623410224915,"z":0.349477618932724,"w":0.6075007915496826},"size":210.78977966308595,"orthographic":false}