{"cameraMode":{"drawMode":0,"name":"Shaded","section":"Shading Mode"},"sceneLighting":false,"audioPlay":false,"sceneViewState":{"showFog":false,"showMaterialUpdate":false,"showSkybox":false,"showFlares":false,"showImageEffects":false,"showParticleSystems":false},"in2DMode":false,"pivot":{"x":578.713134765625,"y":277.0713195800781,"z":-34.059940338134769},"rotation":{"x":0.006301072426140308,"y":-0.0017879169899970294,"z":-0.00009434712410438806,"w":-1.0000022649765015},"size":286.11767578125,"orthographic":false}