{"cameraMode":{"drawMode":0,"name":"Shaded","section":"Shading Mode"},"sceneLighting":true,"audioPlay":false,"sceneViewState":{"showFog":false,"showMaterialUpdate":false,"showSkybox":false,"showFlares":false,"showImageEffects":false,"showParticleSystems":false},"in2DMode":false,"pivot":{"x":26.572330474853517,"y":-2.541738510131836,"z":558.5384521484375},"rotation":{"x":-0.15457531809806825,"y":0.6830918192863464,"z":-0.15141531825065614,"w":-0.69758141040802},"size":8.34744930267334,"orthographic":false}