{"cameraMode":{"drawMode":0,"name":"Shaded","section":"Shading Mode"},"sceneLighting":true,"audioPlay":false,"sceneViewState":{"showFog":false,"showMaterialUpdate":false,"showSkybox":false,"showFlares":false,"showImageEffects":false,"showParticleSystems":false},"in2DMode":false,"pivot":{"x":20.619264602661134,"y":-44.724205017089847,"z":502.36822509765627},"rotation":{"x":-0.1599750816822052,"y":-0.37254980206489565,"z":0.0654519647359848,"w":-0.9118300676345825},"size":74.1065444946289,"orthographic":false}