{"cameraMode":{"drawMode":0,"name":"Shaded","section":"Shading Mode"},"sceneLighting":false,"audioPlay":false,"sceneViewState":{"showFog":false,"showMaterialUpdate":false,"showSkybox":false,"showFlares":false,"showImageEffects":false,"showParticleSystems":false},"in2DMode":false,"pivot":{"x":2.201251983642578,"y":0.8994901180267334,"z":-64.82672119140625},"rotation":{"x":0.4053472578525543,"y":-0.16183260083198548,"z":0.07320000231266022,"w":0.896842360496521},"size":0.998420000076294,"orthographic":false}