{"cameraMode":{"drawMode":0,"name":"Shaded","section":"Shading Mode"},"sceneLighting":false,"audioPlay":false,"sceneViewState":{"showFog":true,"showMaterialUpdate":false,"showSkybox":false,"showFlares":true,"showImageEffects":true,"showParticleSystems":true},"in2DMode":false,"pivot":{"x":2.3462166786193849,"y":11.213788986206055,"z":-4.131227016448975},"rotation":{"x":0.04093202203512192,"y":0.5609884858131409,"z":-0.027291731908917428,"w":0.8264891505241394},"size":12.143624305725098,"orthographic":false}