{"cameraMode":{"drawMode":0,"name":"Shaded","section":"Shading Mode"},"sceneLighting":false,"audioPlay":false,"sceneViewState":{"showFog":false,"showMaterialUpdate":false,"showSkybox":false,"showFlares":false,"showImageEffects":false,"showParticleSystems":false},"in2DMode":false,"pivot":{"x":23.685230255126954,"y":4.488584518432617,"z":35.15999984741211},"rotation":{"x":-0.49752941727638247,"y":0.06958939880132675,"z":-0.04012085497379303,"w":-0.8637446761131287},"size":7.602627754211426,"orthographic":false}