{"cameraMode":{"drawMode":0,"name":"Shaded","section":"Shading Mode"},"sceneLighting":false,"audioPlay":false,"sceneViewState":{"showFog":false,"showMaterialUpdate":false,"showSkybox":false,"showFlares":false,"showImageEffects":false,"showParticleSystems":false},"in2DMode":false,"pivot":{"x":18.253063201904298,"y":-3.7179160118103029,"z":541.54296875},"rotation":{"x":0.38821494579315188,"y":-0.5905435681343079,"z":0.3870585560798645,"w":0.5922633409500122},"size":33.78680419921875,"orthographic":false}