{"cameraMode":{"drawMode":0,"name":"Shaded","section":"Shading Mode"},"sceneLighting":false,"audioPlay":false,"sceneViewState":{"showFog":false,"showMaterialUpdate":false,"showSkybox":false,"showFlares":false,"showImageEffects":false,"showParticleSystems":false},"in2DMode":false,"pivot":{"x":0.0000010728836059570313,"y":1.3172354698181153,"z":-0.0000034570693969726564},"rotation":{"x":0.25016143918037417,"y":-0.6584713459014893,"z":0.2476232796907425,"w":0.6652193665504456},"size":1.5305498838424683,"orthographic":false}