{"cameraMode":{"drawMode":0,"name":"Shaded","section":"Shading Mode"},"sceneLighting":true,"audioPlay":false,"sceneViewState":{"showFog":false,"showMaterialUpdate":false,"showSkybox":false,"showFlares":false,"showImageEffects":false,"showParticleSystems":false},"in2DMode":false,"pivot":{"x":-33.41074752807617,"y":3.2247190475463869,"z":442.1607360839844},"rotation":{"x":-0.35978737473487856,"y":-0.5263972878456116,"z":0.26134905219078066,"w":-0.7247341275215149},"size":71.49919891357422,"orthographic":false}