{"cameraMode":{"drawMode":0,"name":"Shaded","section":"Shading Mode"},"sceneLighting":true,"audioPlay":false,"sceneViewState":{"showFog":false,"showMaterialUpdate":false,"showSkybox":false,"showFlares":false,"showImageEffects":false,"showParticleSystems":false},"in2DMode":false,"pivot":{"x":694.123046875,"y":247.6058349609375,"z":-90.6373291015625},"rotation":{"x":0.019199250265955926,"y":-0.013611522503197194,"z":-0.0002651355171110481,"w":-0.999882698059082},"size":279.8126525878906,"orthographic":false}