{"cameraMode":{"drawMode":0,"name":"Shaded","section":"Shading Mode"},"sceneLighting":true,"audioPlay":false,"sceneViewState":{"showFog":false,"showMaterialUpdate":false,"showSkybox":false,"showFlares":false,"showImageEffects":false,"showParticleSystems":false},"in2DMode":false,"pivot":{"x":18.450000762939454,"y":3.549499988555908,"z":274.0050048828125},"rotation":{"x":-0.33267202973365786,"y":0.5982716679573059,"z":-0.2994970977306366,"w":-0.6646368503570557},"size":286.7364807128906,"orthographic":false}